user_id,name,email,password
U001,Alice,alice@example.com,pass123
U002,Bob,bob@example.com,pass456
U003,Charlie,charlie@example.com,pass789
U004,Diana,diana@example.com,pass234
U005,Ethan,ethan@example.com,pass345
U006,User6,user6@example.com,pass6
U007,User7,user7@example.com,pass7
U008,User8,user8@example.com,pass8
U009,User9,user9@example.com,pass9
U010,User10,user10@example.com,pass10
U011,User11,user11@example.com,pass11
U012,User12,user12@example.com,pass12
U013,User13,user13@example.com,pass13
U014,User14,user14@example.com,pass14
U015,User15,user15@example.com,pass15
U016,User16,user16@example.com,pass16
U017,User17,user17@example.com,pass17
U018,User18,user18@example.com,pass18
U019,User19,user19@example.com,pass19
U020,User20,user20@example.com,pass20
U021,User21,user21@example.com,pass21
U022,User22,user22@example.com,pass22
U023,User23,user23@example.com,pass23
U024,User24,user24@example.com,pass24
U025,User25,user25@example.com,pass25
U026,User26,user26@example.com,pass26
U027,User27,user27@example.com,pass27
U028,User28,user28@example.com,pass28
U029,User29,user29@example.com,pass29
U030,User30,user30@example.com,pass30
U100,Prem,useer100@gmail.com,xyz123
